<?xml version="1.0" encoding="UTF-8"?>
<metadata xml:lang="de"><Esri><CreaDate>20200129</CreaDate><CreaTime>16175400</CreaTime><ArcGISFormat>1.0</ArcGISFormat><SyncOnce>TRUE</SyncOnce><DataProperties><lineage><Process ToolSource="c:\program files (x86)\arcgis\desktop10.5\ArcToolbox\Toolboxes\Data Management Tools.tbx\CreateFeatureclass" Date="20200129" Time="161754">CreateFeatureclass G:\TT\Lab4 siglepoint.shp POINT # DISABLED DISABLED "PROJCS['Germany_Zone_3',GEOGCS['GCS_Deutsches_Hauptdreiecksnetz',DATUM['D_Deutsches_Hauptdreiecksnetz',SPHEROID['Bessel_1841',6377397.155,299.1528128]],PRIMEM['Greenwich',0.0],UNIT['Degree',0.0174532925199433]],PROJECTION['Transverse_Mercator'],PARAMETER['False_Easting',3500000.0],PARAMETER['False_Northing',0.0],PARAMETER['Central_Meridian',9.0],PARAMETER['Scale_Factor',1.0],PARAMETER['Latitude_Of_Origin',0.0],UNIT['Meter',1.0]];-2122500 -10001000 10000;-100000 10000;-100000 10000;0,001;0,001;0,001;IsHighPrecision" # 0 0 0</Process></lineage></DataProperties></Esri></metadata>
