<?xml version="1.0" encoding="UTF-8"?>
<metadata xml:lang="de"><Esri><CreaDate>20200129</CreaDate><CreaTime>17254000</CreaTime><ArcGISFormat>1.0</ArcGISFormat><SyncOnce>TRUE</SyncOnce><DataProperties><lineage><Process Name="Generate Near Table" ToolSource="c:\program files (x86)\arcgis\desktop10.5\ArcToolbox\Toolboxes\Analysis Tools.tbx\GenerateNearTable" Date="20200129" Time="172540">GenerateNearTable GPS_output_feature 'G:\TT\tt lab 2\Stuttgart_OSM_studenten.gdb\TT_dataset\Street_output' G:\TT\Lab4\GPS_Street_output "100 Meters" LOCATION NO_ANGLE CLOSEST 0 PLANAR</Process></lineage></DataProperties></Esri></metadata>
